{"cameraMode":{"drawMode":0,"name":"Shaded","section":"Shading Mode"},"sceneLighting":false,"audioPlay":false,"sceneViewState":{"showFog":true,"showMaterialUpdate":false,"showSkybox":false,"showFlares":true,"showImageEffects":true,"showParticleSystems":true},"in2DMode":false,"pivot":{"x":0.0841909646987915,"y":0.08200639486312866,"z":0.09359389543533325},"rotation":{"x":-0.11601041257381439,"y":-0.8130709528923035,"z":0.17356300354003907,"w":-0.5434645414352417},"size":1.1445523500442505,"orthographic":false}